2,2013,Abilene Christian,99005
5,2005,Akron,875
5,2006,Akron,875
5,2007,Akron,875
5,2008,Akron,875
5,2009,Akron,875
5,2010,Akron,875
5,2011,Akron,875
5,2012,Akron,875
5,2013,Akron,875
6,2005,Alabama A&M,916
6,2006,Alabama A&M,916
6,2007,Alabama A&M,916
6,2008,Alabama A&M,916
6,2009,Alabama A&M,916
6,2010,Alabama A&M,916
6,2011,Alabama A&M,916
6,2012,Alabama A&M,916
6,2013,Alabama A&M,916
7,2005,Alabama St.,916
7,2006,Alabama St.,916
7,2007,Alabama St.,916
7,2008,Alabama St.,916
7,2009,Alabama St.,916
7,2010,Alabama St.,916
7,2011,Alabama St.,916
7,2012,Alabama St.,916
7,2013,Alabama St.,916
8,2005,Alabama,911
8,2006,Alabama,911
8,2007,Alabama,911
8,2008,Alabama,911
8,2009,Alabama,911
8,2010,Alabama,911
8,2011,Alabama,911
8,2012,Alabama,911
8,2013,Alabama,911
9,2005,UAB,24312
9,2006,UAB,24312
9,2007,UAB,24312
9,2008,UAB,24312
9,2009,UAB,24312
9,2010,UAB,24312
9,2011,UAB,24312
9,2012,UAB,24312
9,2013,UAB,24312
14,2005,Albany (N.Y.),846
14,2006,Albany (N.Y.),846
14,2007,Albany (N.Y.),846
14,2008,Albany (N.Y.),846
14,2009,Albany (N.Y.),846
14,2010,Albany (N.Y.),846
14,2011,Albany (N.Y.),846
14,2012,Albany (N.Y.),846
14,2013,Albany (N.Y.),846
17,2005,Alcorn St.,916
17,2006,Alcorn St.,916
17,2007,Alcorn St.,916
17,2008,Alcorn St.,916
17,2009,Alcorn St.,916
17,2010,Alcorn St.,916
17,2011,Alcorn St.,916
17,2012,Alcorn St.,916
17,2013,Alcorn St.,916
27,2005,Appalachian State,912
27,2006,Appalachian State,912
27,2007,Appalachian State,912
27,2008,Appalachian State,912
27,2009,Appalachian State,912
27,2010,Appalachian State,912
27,2011,Appalachian State,912
27,2012,Appalachian State,912
27,2013,Appalachian State,912
28,2005,Arizona State,905
28,2006,Arizona State,905
28,2007,Arizona State,905
28,2008,Arizona State,905
28,2009,Arizona State,905
28,2010,Arizona State,905
28,2011,Arizona State,905
28,2012,Arizona State,905
28,2013,Arizona State,905
29,2005,Arizona,905
29,2006,Arizona,905
29,2007,Arizona,905
29,2008,Arizona,905
29,2009,Arizona,905
29,2010,Arizona,905
29,2011,Arizona,905
29,2012,Arizona,905
29,2013,Arizona,905
30,2005,Arkansas State,818
30,2006,Arkansas State,818
30,2007,Arkansas State,818
30,2008,Arkansas State,818
30,2009,Arkansas State,818
30,2010,Arkansas State,818
30,2011,Arkansas State,818
30,2012,Arkansas State,818
30,2013,Arkansas State,818
31,2005,Arkansas,911
31,2006,Arkansas,911
31,2007,Arkansas,911
31,2008,Arkansas,911
31,2009,Arkansas,911
31,2010,Arkansas,911
31,2011,Arkansas,911
31,2012,Arkansas,911
31,2013,Arkansas,911
37,2005,Auburn,911
37,2006,Auburn,911
37,2007,Auburn,911
37,2008,Auburn,911
37,2009,Auburn,911
37,2010,Auburn,911
37,2011,Auburn,911
37,2012,Auburn,911
37,2013,Auburn,911
43,2005,Austin Peay,21451
43,2006,Austin Peay,99005
43,2007,Austin Peay,902
43,2008,Austin Peay,902
43,2009,Austin Peay,902
43,2010,Austin Peay,902
43,2011,Austin Peay,902
43,2012,Austin Peay,902
43,2013,Austin Peay,902
47,2005,Ball State,875
47,2006,Ball State,875
47,2007,Ball State,875
47,2008,Ball State,875
47,2009,Ball State,875
47,2010,Ball State,875
47,2011,Ball State,875
47,2012,Ball State,875
47,2013,Ball State,875
48,2005,Charleston So.,826
48,2006,Charleston So.,826
48,2007,Charleston So.,826
48,2008,Charleston So.,826
48,2009,Charleston So.,826
48,2010,Charleston So.,826
48,2011,Charleston So.,826
48,2012,Charleston So.,826
48,2013,Charleston So.,826
51,2005,Baylor,25354
51,2006,Baylor,25354
51,2007,Baylor,25354
51,2008,Baylor,25354
51,2009,Baylor,25354
51,2010,Baylor,25354
51,2011,Baylor,25354
51,2012,Baylor,25354
51,2013,Baylor,25354
61,2005,Bethune-Cookman,876
61,2006,Bethune-Cookman,876
61,2007,Bethune-Cookman,876
61,2008,Bethune-Cookman,876
61,2009,Bethune-Cookman,876
61,2010,Bethune-Cookman,876
61,2011,Bethune-Cookman,876
61,2012,Bethune-Cookman,876
61,2013,Bethune-Cookman,876
66,2005,Boise State,923
66,2006,Boise State,923
66,2007,Boise State,923
66,2008,Boise State,923
66,2009,Boise State,923
66,2010,Boise State,923
66,2011,Boise State,5486
66,2012,Boise State,5486
66,2013,Boise State,5486
67,2005,Boston College,821
67,2006,Boston College,821
67,2007,Boston College,821
67,2008,Boston College,821
67,2009,Boston College,821
67,2010,Boston College,821
67,2011,Boston College,821
67,2012,Boston College,821
67,2013,Boston College,821
71,2005,Bowling Green,875
71,2006,Bowling Green,875
71,2007,Bowling Green,875
71,2008,Bowling Green,875
71,2009,Bowling Green,875
71,2010,Bowling Green,875
71,2011,Bowling Green,875
71,2012,Bowling Green,875
71,2013,Bowling Green,875
77,2005,BYU,5486
77,2006,BYU,5486
77,2007,BYU,5486
77,2008,BYU,5486
77,2009,BYU,5486
77,2010,BYU,5486
77,2011,BYU,99001
77,2012,BYU,99001
77,2013,BYU,99001
80,2005,Brown,865
80,2006,Brown,865
80,2007,Brown,865
80,2008,Brown,865
80,2009,Brown,865
80,2010,Brown,865
80,2011,Brown,865
80,2012,Brown,865
80,2013,Brown,865
81,2009,Bryant,99005
81,2010,Bryant,846
81,2011,Bryant,846
81,2012,Bryant,846
81,2013,Bryant,846
83,2005,Bucknell,838
83,2006,Bucknell,838
83,2007,Bucknell,838
83,2008,Bucknell,838
83,2009,Bucknell,838
83,2010,Bucknell,838
83,2011,Bucknell,838
83,2012,Bucknell,838
83,2013,Bucknell,838
86,2005,Buffalo,875
86,2006,Buffalo,875
86,2007,Buffalo,875
86,2008,Buffalo,875
86,2009,Buffalo,875
86,2010,Buffalo,875
86,2011,Buffalo,875
86,2012,Buffalo,875
86,2013,Buffalo,875
87,2005,Butler,21451
87,2006,Butler,21451
87,2007,Butler,21451
87,2008,Butler,21451
87,2009,Butler,21451
87,2010,Butler,21451
87,2011,Butler,21451
87,2012,Butler,21451
87,2013,Butler,21451
90,2005,Cal Poly,99005
90,2006,Cal Poly,99005
90,2007,Cal Poly,99005
90,2008,Cal Poly,99005
90,2009,Cal Poly,99005
90,2010,Cal Poly,99005
90,2011,Cal Poly,99005
90,2012,Cal Poly,99005
90,2013,Cal Poly,825
96,2005,Fresno State,923
96,2006,Fresno State,923
96,2007,Fresno State,923
96,2008,Fresno State,923
96,2009,Fresno State,923
96,2010,Fresno State,923
96,2011,Fresno State,923
96,2012,Fresno State,5486
96,2013,Fresno State,5486
102,2005,Sacramento State,825
102,2006,Sacramento State,825
102,2007,Sacramento State,825
102,2008,Sacramento State,825
102,2009,Sacramento State,825
102,2010,Sacramento State,825
102,2011,Sacramento State,825
102,2012,Sacramento State,825
102,2013,Sacramento State,825
107,2005,California,905
107,2006,California,905
107,2007,California,905
107,2008,California,905
107,2009,California,905
107,2010,California,905
107,2011,California,905
107,2012,California,905
107,2013,California,905
108,2005,UC Davis,99005
108,2006,UC Davis,99005
108,2007,UC Davis,99005
108,2008,UC Davis,99005
108,2009,UC Davis,99005
108,2010,UC Davis,99005
108,2011,UC Davis,99005
108,2012,UC Davis,99005
108,2013,UC Davis,825
110,2005,UCLA,905
110,2006,UCLA,905
110,2007,UCLA,905
110,2008,UCLA,905
110,2009,UCLA,905
110,2010,UCLA,905
110,2011,UCLA,905
110,2012,UCLA,905
110,2013,UCLA,905
115,2009,Campbell,21451
115,2010,Campbell,21451
115,2011,Campbell,21451
115,2012,Campbell,21451
115,2013,Campbell,21451
127,2005,Central Conn. St.,846
127,2006,Central Conn. St.,846
127,2007,Central Conn. St.,846
127,2008,Central Conn. St.,846
127,2009,Central Conn. St.,846
127,2010,Central Conn. St.,846
127,2011,Central Conn. St.,846
127,2012,Central Conn. St.,846
127,2013,Central Conn. St.,846
128,2005,UCF,24312
128,2006,UCF,24312
128,2007,UCF,24312
128,2008,UCF,24312
128,2009,UCF,24312
128,2010,UCF,24312
128,2011,UCF,24312
128,2012,UCF,24312
128,2013,UCF,823
129,2005,Central Michigan,875
129,2006,Central Michigan,875
129,2007,Central Michigan,875
129,2008,Central Michigan,875
129,2009,Central Michigan,875
129,2010,Central Michigan,875
129,2011,Central Michigan,875
129,2012,Central Michigan,875
129,2013,Central Michigan,875
140,2005,Cincinnati,823
140,2006,Cincinnati,823
140,2007,Cincinnati,823
140,2008,Cincinnati,823
140,2009,Cincinnati,823
140,2010,Cincinnati,823
140,2011,Cincinnati,823
140,2012,Cincinnati,823
140,2013,Cincinnati,823
141,2005,Citadel,912
141,2006,Citadel,912
141,2007,Citadel,912
141,2008,Citadel,912
141,2009,Citadel,912
141,2010,Citadel,912
141,2011,Citadel,912
141,2012,Citadel,912
141,2013,Citadel,912
147,2005,Clemson,821
147,2006,Clemson,821
147,2007,Clemson,821
147,2008,Clemson,821
147,2009,Clemson,821
147,2010,Clemson,821
147,2011,Clemson,821
147,2012,Clemson,821
147,2013,Clemson,821
149,2005,Coastal Carolina,826
149,2006,Coastal Carolina,826
149,2007,Coastal Carolina,826
149,2008,Coastal Carolina,826
149,2009,Coastal Carolina,826
149,2010,Coastal Carolina,826
149,2011,Coastal Carolina,826
149,2012,Coastal Carolina,826
149,2013,Coastal Carolina,826
153,2005,Colgate,838
153,2006,Colgate,838
153,2007,Colgate,838
153,2008,Colgate,838
153,2009,Colgate,838
153,2010,Colgate,838
153,2011,Colgate,838
153,2012,Colgate,838
153,2013,Colgate,838
156,2005,Colorado State,5486
156,2006,Colorado State,5486
156,2007,Colorado State,5486
156,2008,Colorado State,5486
156,2009,Colorado State,5486
156,2010,Colorado State,5486
156,2011,Colorado State,5486
156,2012,Colorado State,5486
156,2013,Colorado State,5486
157,2005,Colorado,25354
157,2006,Colorado,25354
157,2007,Colorado,25354
157,2008,Colorado,25354
157,2009,Colorado,25354
157,2010,Colorado,25354
157,2011,Colorado,905
157,2012,Colorado,905
157,2013,Colorado,905
158,2005,Columbia,865
158,2006,Columbia,865
158,2007,Columbia,865
158,2008,Columbia,865
158,2009,Columbia,865
158,2010,Columbia,865
158,2011,Columbia,865
158,2012,Columbia,865
158,2013,Columbia,865
164,2005,Connecticut,823
164,2006,Connecticut,823
164,2007,Connecticut,823
164,2008,Connecticut,823
164,2009,Connecticut,823
164,2010,Connecticut,823
164,2011,Connecticut,823
164,2012,Connecticut,823
164,2013,Connecticut,823
167,2005,Cornell,865
167,2006,Cornell,865
167,2007,Cornell,865
167,2008,Cornell,865
167,2009,Cornell,865
167,2010,Cornell,865
167,2011,Cornell,865
167,2012,Cornell,865
167,2013,Cornell,865
172,2005,Dartmouth,865
172,2006,Dartmouth,865
172,2007,Dartmouth,865
172,2008,Dartmouth,865
172,2009,Dartmouth,865
172,2010,Dartmouth,865
172,2011,Dartmouth,865
172,2012,Dartmouth,865
172,2013,Dartmouth,865
173,2005,Davidson,21451
173,2006,Davidson,21451
173,2007,Davidson,21451
173,2008,Davidson,21451
173,2009,Davidson,21451
173,2010,Davidson,21451
173,2011,Davidson,21451
173,2012,Davidson,21451
173,2013,Davidson,21451
175,2005,Dayton,21451
175,2006,Dayton,21451
175,2007,Dayton,21451
175,2008,Dayton,21451
175,2009,Dayton,21451
175,2010,Dayton,21451
175,2011,Dayton,21451
175,2012,Dayton,21451
175,2013,Dayton,21451
178,2005,Delaware State,876
178,2006,Delaware State,876
178,2007,Delaware State,876
178,2008,Delaware State,876
178,2009,Delaware State,876
178,2010,Delaware State,876
178,2011,Delaware State,876
178,2012,Delaware State,876
178,2013,Delaware State,876
180,2005,Delaware,820
180,2006,Delaware,820
180,2007,Delaware,837
180,2008,Delaware,837
180,2009,Delaware,837
180,2010,Delaware,837
180,2011,Delaware,837
180,2012,Delaware,837
180,2013,Delaware,837
189,2005,Drake,21451
189,2006,Drake,21451
189,2007,Drake,21451
189,2008,Drake,21451
189,2009,Drake,21451
189,2010,Drake,21451
189,2011,Drake,21451
189,2012,Drake,21451
189,2013,Drake,21451
193,2005,Duke,821
193,2006,Duke,821
193,2007,Duke,821
193,2008,Duke,821
193,2009,Duke,821
193,2010,Duke,821
193,2011,Duke,821
193,2012,Duke,821
193,2013,Duke,821
194,2005,Duquesne,871
194,2006,Duquesne,871
194,2007,Duquesne,871
194,2008,Duquesne,871
194,2009,Duquesne,846
194,2010,Duquesne,846
194,2011,Duquesne,846
194,2012,Duquesne,846
194,2013,Duquesne,846
196,2005,East Carolina,24312
196,2006,East Carolina,24312
196,2007,East Carolina,24312
196,2008,East Carolina,24312
196,2009,East Carolina,24312
196,2010,East Carolina,24312
196,2011,East Carolina,24312
196,2012,East Carolina,24312
196,2013,East Carolina,24312
201,2005,Eastern Illinois,902
201,2006,Eastern Illinois,902
201,2007,Eastern Illinois,902
201,2008,Eastern Illinois,902
201,2009,Eastern Illinois,902
201,2010,Eastern Illinois,902
201,2011,Eastern Illinois,902
201,2012,Eastern Illinois,902
201,2013,Eastern Illinois,902
202,2005,Eastern Kentucky,902
202,2006,Eastern Kentucky,902
202,2007,Eastern Kentucky,902
202,2008,Eastern Kentucky,902
202,2009,Eastern Kentucky,902
202,2010,Eastern Kentucky,902
202,2011,Eastern Kentucky,902
202,2012,Eastern Kentucky,902
202,2013,Eastern Kentucky,902
204,2005,Eastern Michigan,875
204,2006,Eastern Michigan,875
204,2007,Eastern Michigan,875
204,2008,Eastern Michigan,875
204,2009,Eastern Michigan,875
204,2010,Eastern Michigan,875
204,2011,Eastern Michigan,875
204,2012,Eastern Michigan,875
204,2013,Eastern Michigan,875
207,2005,Eastern Washington,825
207,2006,Eastern Washington,825
207,2007,Eastern Washington,825
207,2008,Eastern Washington,825
207,2009,Eastern Washington,825
207,2010,Eastern Washington,825
207,2011,Eastern Washington,825
207,2012,Eastern Washington,825
207,2013,Eastern Washington,825
228,2005,Florida A&M,876
228,2006,Florida A&M,876
228,2007,Florida A&M,876
228,2008,Florida A&M,876
228,2009,Florida A&M,876
228,2010,Florida A&M,876
228,2011,Florida A&M,876
228,2012,Florida A&M,876
228,2013,Florida A&M,876
229,2005,Florida Atlantic,818
229,2006,Florida Atlantic,818
229,2007,Florida Atlantic,818
229,2008,Florida Atlantic,818
229,2009,Florida Atlantic,818
229,2010,Florida Atlantic,818
229,2011,Florida Atlantic,818
229,2012,Florida Atlantic,818
229,2013,Florida Atlantic,24312
231,2005,Florida International,818
231,2006,Florida International,818
231,2007,Florida International,818
231,2008,Florida International,818
231,2009,Florida International,818
231,2010,Florida International,818
231,2011,Florida International,818
231,2012,Florida International,818
231,2013,Florida International,24312
234,2005,Florida State,821
234,2006,Florida State,821
234,2007,Florida State,821
234,2008,Florida State,821
234,2009,Florida State,821
234,2010,Florida State,821
234,2011,Florida State,821
234,2012,Florida State,821
234,2013,Florida State,821
235,2005,Florida,911
235,2006,Florida,911
235,2007,Florida,911
235,2008,Florida,911
235,2009,Florida,911
235,2010,Florida,911
235,2011,Florida,911
235,2012,Florida,911
235,2013,Florida,911
236,2005,Fordham,838
236,2006,Fordham,838
236,2007,Fordham,838
236,2008,Fordham,838
236,2009,Fordham,838
236,2010,Fordham,838
236,2011,Fordham,838
236,2012,Fordham,838
236,2013,Fordham,838
244,2005,Furman,912
244,2006,Furman,912
244,2007,Furman,912
244,2008,Furman,912
244,2009,Furman,912
244,2010,Furman,912
244,2011,Furman,912
244,2012,Furman,912
244,2013,Furman,912
251,2005,Georgetown,838
251,2006,Georgetown,838
251,2007,Georgetown,838
251,2008,Georgetown,838
251,2009,Georgetown,838
251,2010,Georgetown,838
251,2011,Georgetown,838
251,2012,Georgetown,838
251,2013,Georgetown,838
253,2005,Georgia Southern,912
253,2006,Georgia Southern,912
253,2007,Georgia Southern,912
253,2008,Georgia Southern,912
253,2009,Georgia Southern,912
253,2010,Georgia Southern,912
253,2011,Georgia Southern,912
253,2012,Georgia Southern,912
253,2013,Georgia Southern,912
254,2010,Georgia State,99005
254,2011,Georgia State,99005
254,2012,Georgia State,99005
254,2013,Georgia State,818
255,2005,Georgia Tech,821
255,2006,Georgia Tech,821
255,2007,Georgia Tech,821
255,2008,Georgia Tech,821
255,2009,Georgia Tech,821
255,2010,Georgia Tech,821
255,2011,Georgia Tech,821
255,2012,Georgia Tech,821
255,2013,Georgia Tech,821
257,2005,Georgia,911
257,2006,Georgia,911
257,2007,Georgia,911
257,2008,Georgia,911
257,2009,Georgia,911
257,2010,Georgia,911
257,2011,Georgia,911
257,2012,Georgia,911
257,2013,Georgia,911
261,2005,Grambling,916
261,2006,Grambling,916
261,2007,Grambling,916
261,2008,Grambling,916
261,2009,Grambling,916
261,2010,Grambling,916
261,2011,Grambling,916
261,2012,Grambling,916
261,2013,Grambling,916
270,2005,Hampton,876
270,2006,Hampton,876
270,2007,Hampton,876
270,2008,Hampton,876
270,2009,Hampton,876
270,2010,Hampton,876
270,2011,Hampton,876
270,2012,Hampton,876
270,2013,Hampton,876
275,2005,Harvard,865
275,2006,Harvard,865
275,2007,Harvard,865
275,2008,Harvard,865
275,2009,Harvard,865
275,2010,Harvard,865
275,2011,Harvard,865
275,2012,Harvard,865
275,2013,Harvard,865
277,2005,Hawai'i,923
277,2006,Hawai'i,923
277,2007,Hawai'i,923
277,2008,Hawai'i,923
277,2009,Hawai'i,923
277,2010,Hawai'i,923
277,2011,Hawai'i,923
277,2012,Hawai'i,5486
277,2013,Hawai'i,5486
283,2005,Hofstra,820
283,2006,Hofstra,820
283,2007,Hofstra,837
283,2008,Hofstra,837
283,2009,Hofstra,837
285,2005,Holy Cross,838
285,2006,Holy Cross,838
285,2007,Holy Cross,838
285,2008,Holy Cross,838
285,2009,Holy Cross,838
285,2010,Holy Cross,838
285,2011,Holy Cross,838
285,2012,Holy Cross,838
285,2013,Holy Cross,838
288,2005,Houston,24312
288,2006,Houston,24312
288,2007,Houston,24312
288,2008,Houston,24312
288,2009,Houston,24312
288,2010,Houston,24312
288,2011,Houston,24312
288,2012,Houston,24312
288,2013,Houston,823
290,2005,Howard,876
290,2006,Howard,876
290,2007,Howard,876
290,2008,Howard,876
290,2009,Howard,876
290,2010,Howard,876
290,2011,Howard,876
290,2012,Howard,876
290,2013,Howard,876
294,2005,Idaho State,825
294,2006,Idaho State,825
294,2007,Idaho State,825
294,2008,Idaho State,825
294,2009,Idaho State,825
294,2010,Idaho State,825
294,2011,Idaho State,825
294,2012,Idaho State,825
294,2013,Idaho State,825
295,2005,Idaho,923
295,2006,Idaho,923
295,2007,Idaho,923
295,2008,Idaho,923
295,2009,Idaho,923
295,2010,Idaho,923
295,2011,Idaho,923
295,2012,Idaho,923
295,2013,Idaho,99001
299,2005,Illinois State,853
299,2006,Illinois State,853
299,2007,Illinois State,853
299,2008,Illinois State,853
299,2009,Illinois State,853
299,2010,Illinois State,853
299,2011,Illinois State,853
299,2012,Illinois State,853
299,2013,Illinois State,853
301,2005,Illinois,827
301,2006,Illinois,827
301,2007,Illinois,827
301,2008,Illinois,827
301,2009,Illinois,827
301,2010,Illinois,827
301,2011,Illinois,827
301,2012,Illinois,827
301,2013,Illinois,827
305,2005,Indiana State,853
305,2006,Indiana State,853
305,2007,Indiana State,853
305,2008,Indiana State,853
305,2009,Indiana State,853
305,2010,Indiana State,853
305,2011,Indiana State,853
305,2012,Indiana State,853
305,2013,Indiana State,853
306,2005,Indiana,827
306,2006,Indiana,827
306,2007,Indiana,827
306,2008,Indiana,827
306,2009,Indiana,827
306,2010,Indiana,827
306,2011,Indiana,827
306,2012,Indiana,827
306,2013,Indiana,827
310,2005,Iona,871
310,2006,Iona,871
310,2007,Iona,871
310,2008,Iona,871
311,2005,Iowa State,25354
311,2006,Iowa State,25354
311,2007,Iowa State,25354
311,2008,Iowa State,25354
311,2009,Iowa State,25354
311,2010,Iowa State,25354
311,2011,Iowa State,25354
311,2012,Iowa State,25354
311,2013,Iowa State,25354
312,2005,Iowa,827
312,2006,Iowa,827
312,2007,Iowa,827
312,2008,Iowa,827
312,2009,Iowa,827
312,2010,Iowa,827
312,2011,Iowa,827
312,2012,Iowa,827
312,2013,Iowa,827
314,2005,Jackson State,916
314,2006,Jackson State,916
314,2007,Jackson State,916
314,2008,Jackson State,916
314,2009,Jackson State,916
314,2010,Jackson State,916
314,2011,Jackson State,916
314,2012,Jackson State,916
314,2013,Jackson State,916
315,2005,Jacksonville State,902
315,2006,Jacksonville State,902
315,2007,Jacksonville State,902
315,2008,Jacksonville State,902
315,2009,Jacksonville State,902
315,2010,Jacksonville State,902
315,2011,Jacksonville State,902
315,2012,Jacksonville State,902
315,2013,Jacksonville State,902
316,2005,Jacksonville,21451
316,2006,Jacksonville,21451
316,2007,Jacksonville,21451
316,2008,Jacksonville,21451
316,2009,Jacksonville,21451
316,2010,Jacksonville,21451
316,2011,Jacksonville,21451
316,2012,Jacksonville,21451
316,2013,Jacksonville,21451
317,2005,James Madison,820
317,2006,James Madison,820
317,2007,James Madison,837
317,2008,James Madison,837
317,2009,James Madison,837
317,2010,James Madison,837
317,2011,James Madison,837
317,2012,James Madison,837
317,2013,James Madison,837
327,2005,Kansas State,25354
327,2006,Kansas State,25354
327,2007,Kansas State,25354
327,2008,Kansas State,25354
327,2009,Kansas State,25354
327,2010,Kansas State,25354
327,2011,Kansas State,25354
327,2012,Kansas State,25354
327,2013,Kansas State,25354
328,2005,Kansas,25354
328,2006,Kansas,25354
328,2007,Kansas,25354
328,2008,Kansas,25354
328,2009,Kansas,25354
328,2010,Kansas,25354
328,2011,Kansas,25354
328,2012,Kansas,25354
328,2013,Kansas,25354
331,2005,Kent State,875
331,2006,Kent State,875
331,2007,Kent State,875
331,2008,Kent State,875
331,2009,Kent State,875
331,2010,Kent State,875
331,2011,Kent State,875
331,2012,Kent State,875
331,2013,Kent State,875
334,2005,Kentucky,911
334,2006,Kentucky,911
334,2007,Kentucky,911
334,2008,Kentucky,911
334,2009,Kentucky,911
334,2010,Kentucky,911
334,2011,Kentucky,911
334,2012,Kentucky,911
334,2013,Kentucky,911
340,2005,La Salle,871
340,2006,La Salle,871
340,2007,La Salle,871
340,2008,La Salle,871
342,2005,Lafayette,838
342,2006,Lafayette,838
342,2007,Lafayette,838
342,2008,Lafayette,838
342,2009,Lafayette,838
342,2010,Lafayette,838
342,2011,Lafayette,838
342,2012,Lafayette,838
342,2013,Lafayette,838
346,2010,Lamar,99005
346,2011,Lamar,914
346,2012,Lamar,914
346,2013,Lamar,914
352,2005,Lehigh,838
352,2006,Lehigh,838
352,2007,Lehigh,838
352,2008,Lehigh,838
352,2009,Lehigh,838
352,2010,Lehigh,838
352,2011,Lehigh,838
352,2012,Lehigh,838
352,2013,Lehigh,838
355,2005,Liberty,826
355,2006,Liberty,826
355,2007,Liberty,826
355,2008,Liberty,826
355,2009,Liberty,826
355,2010,Liberty,826
355,2011,Liberty,826
355,2012,Liberty,826
355,2013,Liberty,826
365,2005,LSU,911
365,2006,LSU,911
365,2007,LSU,911
365,2008,LSU,911
365,2009,LSU,911
365,2010,LSU,911
365,2011,LSU,911
365,2012,LSU,911
365,2013,LSU,911
366,2005,Louisiana Tech,923
366,2006,Louisiana Tech,923
366,2007,Louisiana Tech,923
366,2008,Louisiana Tech,923
366,2009,Louisiana Tech,923
366,2010,Louisiana Tech,923
366,2011,Louisiana Tech,923
366,2012,Louisiana Tech,923
366,2013,Louisiana Tech,24312
367,2005,Louisville,823
367,2006,Louisville,823
367,2007,Louisville,823
367,2008,Louisville,823
367,2009,Louisville,823
367,2010,Louisville,823
367,2011,Louisville,823
367,2012,Louisville,823
367,2013,Louisville,823
380,2005,Maine,820
380,2006,Maine,820
380,2007,Maine,837
380,2008,Maine,837
380,2009,Maine,837
380,2010,Maine,837
380,2011,Maine,837
380,2012,Maine,837
380,2013,Maine,837
386,2005,Marist,871
386,2006,Marist,871
386,2007,Marist,871
386,2008,Marist,871
386,2009,Marist,21451
386,2010,Marist,21451
386,2011,Marist,21451
386,2012,Marist,21451
386,2013,Marist,21451
388,2005,Marshall,24312
388,2006,Marshall,24312
388,2007,Marshall,24312
388,2008,Marshall,24312
388,2009,Marshall,24312
388,2010,Marshall,24312
388,2011,Marshall,24312
388,2012,Marshall,24312
388,2013,Marshall,24312
392,2005,Maryland,821
392,2006,Maryland,821
392,2007,Maryland,821
392,2008,Maryland,821
392,2009,Maryland,821
392,2010,Maryland,821
392,2011,Maryland,821
392,2012,Maryland,821
392,2013,Maryland,821
400,2005,Massachusetts,820
400,2006,Massachusetts,820
400,2007,Massachusetts,837
400,2008,Massachusetts,837
400,2009,Massachusetts,837
400,2010,Massachusetts,837
400,2011,Massachusetts,837
400,2012,Massachusetts,875
400,2013,Massachusetts,875
402,2005,McNeese State,914
402,2006,McNeese State,914
402,2007,McNeese State,914
402,2008,McNeese State,914
402,2009,McNeese State,914
402,2010,McNeese State,914
402,2011,McNeese State,914
402,2012,McNeese State,914
402,2013,McNeese State,914
404,2005,Memphis,24312
404,2006,Memphis,24312
404,2007,Memphis,24312
404,2008,Memphis,24312
404,2009,Memphis,24312
404,2010,Memphis,24312
404,2011,Memphis,24312
404,2012,Memphis,24312
404,2013,Memphis,823
414,2005,Miami (Ohio),875
414,2006,Miami (Ohio),875
414,2007,Miami (Ohio),875
414,2008,Miami (Ohio),875
414,2009,Miami (Ohio),875
414,2010,Miami (Ohio),875
414,2011,Miami (Ohio),875
414,2012,Miami (Ohio),875
414,2013,Miami (Ohio),875
415,2005,Miami (Florida),821
415,2006,Miami (Florida),821
415,2007,Miami (Florida),821
415,2008,Miami (Florida),821
415,2009,Miami (Florida),821
415,2010,Miami (Florida),821
415,2011,Miami (Florida),821
415,2012,Miami (Florida),821
415,2013,Miami (Florida),821
416,2005,Michigan State,827
416,2006,Michigan State,827
416,2007,Michigan State,827
416,2008,Michigan State,827
416,2009,Michigan State,827
416,2010,Michigan State,827
416,2011,Michigan State,827
416,2012,Michigan State,827
416,2013,Michigan State,827
418,2005,Michigan,827
418,2006,Michigan,827
418,2007,Michigan,827
418,2008,Michigan,827
418,2009,Michigan,827
418,2010,Michigan,827
418,2011,Michigan,827
418,2012,Michigan,827
418,2013,Michigan,827
419,2005,Middle Tennessee,818
419,2006,Middle Tennessee,818
419,2007,Middle Tennessee,818
419,2008,Middle Tennessee,818
419,2009,Middle Tennessee,818
419,2010,Middle Tennessee,818
419,2011,Middle Tennessee,818
419,2012,Middle Tennessee,818
419,2013,Middle Tennessee,24312
428,2005,Minnesota,827
428,2006,Minnesota,827
428,2007,Minnesota,827
428,2008,Minnesota,827
428,2009,Minnesota,827
428,2010,Minnesota,827
428,2011,Minnesota,827
428,2012,Minnesota,827
428,2013,Minnesota,827
430,2005,Mississippi State,911
430,2006,Mississippi State,911
430,2007,Mississippi State,911
430,2008,Mississippi State,911
430,2009,Mississippi State,911
430,2010,Mississippi State,911
430,2011,Mississippi State,911
430,2012,Mississippi State,911
430,2013,Mississippi State,911
432,2005,Mississippi Valley State,916
432,2006,Mississippi Valley State,916
432,2007,Mississippi Valley State,916
432,2008,Mississippi Valley State,916
432,2009,Mississippi Valley State,916
432,2010,Mississippi Valley State,916
432,2011,Mississippi Valley State,916
432,2012,Mississippi Valley State,916
432,2013,Mississippi Valley State,916
433,2005,Mississippi,911
433,2006,Mississippi,911
433,2007,Mississippi,911
433,2008,Mississippi,911
433,2009,Mississippi,911
433,2010,Mississippi,911
433,2011,Mississippi,911
433,2012,Mississippi,911
433,2013,Mississippi,911
434,2005,Missouri,25354
434,2006,Missouri,25354
434,2007,Missouri,25354
434,2008,Missouri,25354
434,2009,Missouri,25354
434,2010,Missouri,25354
434,2011,Missouri,25354
434,2012,Missouri,911
434,2013,Missouri,911
439,2005,Monmouth,846
439,2006,Monmouth,846
439,2007,Monmouth,846
439,2008,Monmouth,846
439,2009,Monmouth,846
439,2010,Monmouth,846
439,2011,Monmouth,846
439,2012,Monmouth,846
439,2013,Monmouth,846
440,2005,Montana State,825
440,2006,Montana State,825
440,2007,Montana State,825
440,2008,Montana State,825
440,2009,Montana State,825
440,2010,Montana State,825
440,2011,Montana State,825
440,2012,Montana State,825
440,2013,Montana State,825
441,2005,Montana,825
441,2006,Montana,825
441,2007,Montana,825
441,2008,Montana,825
441,2009,Montana,825
441,2010,Montana,825
441,2011,Montana,825
441,2012,Montana,825
441,2013,Montana,825
444,2005,Morehead State,21451
444,2006,Morehead State,21451
444,2007,Morehead State,21451
444,2008,Morehead State,21451
444,2009,Morehead State,21451
444,2010,Morehead State,21451
444,2011,Morehead State,21451
444,2012,Morehead State,21451
444,2013,Morehead State,21451
446,2005,Morgan State,876
446,2006,Morgan State,876
446,2007,Morgan State,876
446,2008,Morgan State,876
446,2009,Morgan State,876
446,2010,Morgan State,876
446,2011,Morgan State,876
446,2012,Morgan State,876
446,2013,Morgan State,876
454,2005,Murray State,902
454,2006,Murray State,902
454,2007,Murray State,902
454,2008,Murray State,902
454,2009,Murray State,902
454,2010,Murray State,902
454,2011,Murray State,902
454,2012,Murray State,902
454,2013,Murray State,902
457,2005,North Carolina,821
457,2006,North Carolina,821
457,2007,North Carolina,821
457,2008,North Carolina,821
457,2009,North Carolina,821
457,2010,North Carolina,821
457,2011,North Carolina,821
457,2012,North Carolina,821
457,2013,North Carolina,821
463,2005,Nebraska,25354
463,2006,Nebraska,25354
463,2007,Nebraska,25354
463,2008,Nebraska,25354
463,2009,Nebraska,25354
463,2010,Nebraska,25354
463,2011,Nebraska,827
463,2012,Nebraska,827
463,2013,Nebraska,827
465,2005,UNLV,5486
465,2006,UNLV,5486
465,2007,UNLV,5486
465,2008,UNLV,5486
465,2009,UNLV,5486
465,2010,UNLV,5486
465,2011,UNLV,5486
465,2012,UNLV,5486
465,2013,UNLV,5486
466,2005,Nevada,923
466,2006,Nevada,923
466,2007,Nevada,923
466,2008,Nevada,923
466,2009,Nevada,923
466,2010,Nevada,923
466,2011,Nevada,923
466,2012,Nevada,5486
466,2013,Nevada,5486
469,2005,New Hampshire,820
469,2006,New Hampshire,820
469,2007,New Hampshire,837
469,2008,New Hampshire,837
469,2009,New Hampshire,837
469,2010,New Hampshire,837
469,2011,New Hampshire,837
469,2012,New Hampshire,837
469,2013,New Hampshire,837
472,2005,New Mexico State,923
472,2006,New Mexico State,923
472,2007,New Mexico State,923
472,2008,New Mexico State,923
472,2009,New Mexico State,923
472,2010,New Mexico State,923
472,2011,New Mexico State,923
472,2012,New Mexico State,923
472,2013,New Mexico State,99001
473,2005,New Mexico,5486
473,2006,New Mexico,5486
473,2007,New Mexico,5486
473,2008,New Mexico,5486
473,2009,New Mexico,5486
473,2010,New Mexico,5486
473,2011,New Mexico,5486
473,2012,New Mexico,5486
473,2013,New Mexico,5486
483,2005,Nicholls State,914
483,2006,Nicholls State,914
483,2007,Nicholls State,914
483,2008,Nicholls State,914
483,2009,Nicholls State,914
483,2010,Nicholls State,914
483,2011,Nicholls State,914
483,2012,Nicholls State,914
483,2013,Nicholls State,914
485,2005,Norfolk State,876
485,2006,Norfolk State,876
485,2007,Norfolk State,876
485,2008,Norfolk State,876
485,2009,Norfolk State,876
485,2010,Norfolk State,876
485,2011,Norfolk State,876
485,2012,Norfolk State,876
485,2013,Norfolk State,876
488,2005,North Carolina A&T,876
488,2006,North Carolina A&T,876
488,2007,North Carolina A&T,876
488,2008,North Carolina A&T,876
488,2009,North Carolina A&T,876
488,2010,North Carolina A&T,876
488,2011,North Carolina A&T,876
488,2012,North Carolina A&T,876
488,2013,North Carolina A&T,876
489,2007,N.C. Central,99005
489,2008,N.C. Central,99005
489,2009,N.C. Central,99005
489,2010,N.C. Central,99005
489,2011,N.C. Central,876
489,2012,N.C. Central,876
489,2013,N.C. Central,876
490,2005,North Carolina State,821
490,2006,North Carolina State,821
490,2007,North Carolina State,821
490,2008,North Carolina State,821
490,2009,North Carolina State,821
490,2010,North Carolina State,821
490,2011,North Carolina State,821
490,2012,North Carolina State,821
490,2013,North Carolina State,821
493,2005,North Dakota State,99005
493,2006,North Dakota State,99005
493,2007,North Dakota State,99005
493,2008,North Dakota State,99005
493,2009,North Dakota State,853
493,2010,North Dakota State,853
493,2011,North Dakota State,853
493,2012,North Dakota State,853
493,2013,North Dakota State,853
494,2009,North Dakota,99005
494,2010,North Dakota,99005
494,2011,North Dakota,99005
494,2012,North Dakota,99005
494,2013,North Dakota,825
497,2005,North Texas,818
497,2006,North Texas,818
497,2007,North Texas,818
497,2008,North Texas,818
497,2009,North Texas,818
497,2010,North Texas,818
497,2011,North Texas,818
497,2012,North Texas,818
497,2013,North Texas,24312
498,2005,Louisiana-Monroe,818
498,2006,Louisiana-Monroe,818
498,2007,Louisiana-Monroe,818
498,2008,Louisiana-Monroe,818
498,2009,Louisiana-Monroe,818
498,2010,Louisiana-Monroe,818
498,2011,Louisiana-Monroe,818
498,2012,Louisiana-Monroe,818
498,2013,Louisiana-Monroe,818
500,2005,Northeastern,820
500,2006,Northeastern,820
500,2007,Northeastern,837
500,2008,Northeastern,837
500,2009,Northeastern,837
501,2005,Northern Arizona,825
501,2006,Northern Arizona,825
501,2007,Northern Arizona,825
501,2008,Northern Arizona,825
501,2009,Northern Arizona,825
501,2010,Northern Arizona,825
501,2011,Northern Arizona,825
501,2012,Northern Arizona,825
501,2013,Northern Arizona,825
502,2005,Northern Colorado,99005
502,2006,Northern Colorado,99005
502,2007,Northern Colorado,825
502,2008,Northern Colorado,825
502,2009,Northern Colorado,825
502,2010,Northern Colorado,825
502,2011,Northern Colorado,825
502,2012,Northern Colorado,825
502,2013,Northern Colorado,825
503,2005,Northern Illinois,875
503,2006,Northern Illinois,875
503,2007,Northern Illinois,875
503,2008,Northern Illinois,875
503,2009,Northern Illinois,875
503,2010,Northern Illinois,875
503,2011,Northern Illinois,875
503,2012,Northern Illinois,875
503,2013,Northern Illinois,875
504,2005,Northern Iowa,853
504,2006,Northern Iowa,853
504,2007,Northern Iowa,853
504,2008,Northern Iowa,853
504,2009,Northern Iowa,853
504,2010,Northern Iowa,853
504,2011,Northern Iowa,853
504,2012,Northern Iowa,853
504,2013,Northern Iowa,853
508,2005,Northwestern State,914
508,2006,Northwestern State,914
508,2007,Northwestern State,914
508,2008,Northwestern State,914
508,2009,Northwestern State,914
508,2010,Northwestern State,914
508,2011,Northwestern State,914
508,2012,Northwestern State,914
508,2013,Northwestern State,914
509,2005,Northwestern,827
509,2006,Northwestern,827
509,2007,Northwestern,827
509,2008,Northwestern,827
509,2009,Northwestern,827
509,2010,Northwestern,827
509,2011,Northwestern,827
509,2012,Northwestern,827
509,2013,Northwestern,827
513,2005,Notre Dame,99001
513,2006,Notre Dame,99001
513,2007,Notre Dame,99001
513,2008,Notre Dame,99001
513,2009,Notre Dame,99001
513,2010,Notre Dame,99001
513,2011,Notre Dame,99001
513,2012,Notre Dame,99001
513,2013,Notre Dame,99001
518,2005,Ohio State,827
518,2006,Ohio State,827
518,2007,Ohio State,827
518,2008,Ohio State,827
518,2009,Ohio State,827
518,2010,Ohio State,827
518,2011,Ohio State,827
518,2012,Ohio State,827
518,2013,Ohio State,827
519,2005,Ohio,875
519,2006,Ohio,875
519,2007,Ohio,875
519,2008,Ohio,875
519,2009,Ohio,875
519,2010,Ohio,875
519,2011,Ohio,875
519,2012,Ohio,875
519,2013,Ohio,875
521,2005,Oklahoma State,25354
521,2006,Oklahoma State,25354
521,2007,Oklahoma State,25354
521,2008,Oklahoma State,25354
521,2009,Oklahoma State,25354
521,2010,Oklahoma State,25354
521,2011,Oklahoma State,25354
521,2012,Oklahoma State,25354
521,2013,Oklahoma State,25354
522,2005,Oklahoma,25354
522,2006,Oklahoma,25354
522,2007,Oklahoma,25354
522,2008,Oklahoma,25354
522,2009,Oklahoma,25354
522,2010,Oklahoma,25354
522,2011,Oklahoma,25354
522,2012,Oklahoma,25354
522,2013,Oklahoma,25354
523,2009,Old Dominion,99005
523,2010,Old Dominion,99005
523,2011,Old Dominion,837
523,2012,Old Dominion,837
523,2013,Old Dominion,837
528,2005,Oregon State,905
528,2006,Oregon State,905
528,2007,Oregon State,905
528,2008,Oregon State,905
528,2009,Oregon State,905
528,2010,Oregon State,905
528,2011,Oregon State,905
528,2012,Oregon State,905
528,2013,Oregon State,905
529,2005,Oregon,905
529,2006,Oregon,905
529,2007,Oregon,905
529,2008,Oregon,905
529,2009,Oregon,905
529,2010,Oregon,905
529,2011,Oregon,905
529,2012,Oregon,905
529,2013,Oregon,905
539,2005,Penn State,827
539,2006,Penn State,827
539,2007,Penn State,827
539,2008,Penn State,827
539,2009,Penn State,827
539,2010,Penn State,827
539,2011,Penn State,827
539,2012,Penn State,827
539,2013,Penn State,827
540,2005,Pennsylvania,865
540,2006,Pennsylvania,865
540,2007,Pennsylvania,865
540,2008,Pennsylvania,865
540,2009,Pennsylvania,865
540,2010,Pennsylvania,865
540,2011,Pennsylvania,865
540,2012,Pennsylvania,865
540,2013,Pennsylvania,865
545,2005,Pittsburgh,823
545,2006,Pittsburgh,823
545,2007,Pittsburgh,823
545,2008,Pittsburgh,823
545,2009,Pittsburgh,823
545,2010,Pittsburgh,823
545,2011,Pittsburgh,823
545,2012,Pittsburgh,823
545,2013,Pittsburgh,821
550,2005,Portland State,825
550,2006,Portland State,825
550,2007,Portland State,825
550,2008,Portland State,825
550,2009,Portland State,825
550,2010,Portland State,825
550,2011,Portland State,825
550,2012,Portland State,825
550,2013,Portland State,825
553,2005,Prairie View,916
553,2006,Prairie View,916
553,2007,Prairie View,916
553,2008,Prairie View,916
553,2009,Prairie View,916
553,2010,Prairie View,916
553,2011,Prairie View,916
553,2012,Prairie View,916
553,2013,Prairie View,916
554,2005,Princeton,865
554,2006,Princeton,865
554,2007,Princeton,865
554,2008,Princeton,865
554,2009,Princeton,865
554,2010,Princeton,865
554,2011,Princeton,865
554,2012,Princeton,865
554,2013,Princeton,865
559,2005,Purdue,827
559,2006,Purdue,827
559,2007,Purdue,827
559,2008,Purdue,827
559,2009,Purdue,827
559,2010,Purdue,827
559,2011,Purdue,827
559,2012,Purdue,827
559,2013,Purdue,827
572,2005,Rhode Island,820
572,2006,Rhode Island,820
572,2007,Rhode Island,837
572,2008,Rhode Island,837
572,2009,Rhode Island,837
572,2010,Rhode Island,837
572,2011,Rhode Island,837
572,2012,Rhode Island,837
572,2013,Rhode Island,837
574,2005,Rice,24312
574,2006,Rice,24312
574,2007,Rice,24312
574,2008,Rice,24312
574,2009,Rice,24312
574,2010,Rice,24312
574,2011,Rice,24312
574,2012,Rice,24312
574,2013,Rice,24312
575,2005,Richmond,820
575,2006,Richmond,820
575,2007,Richmond,837
575,2008,Richmond,837
575,2009,Richmond,837
575,2010,Richmond,837
575,2011,Richmond,837
575,2012,Richmond,837
575,2013,Richmond,837
579,2005,Robert Morris,846
579,2006,Robert Morris,846
579,2007,Robert Morris,846
579,2008,Robert Morris,846
579,2009,Robert Morris,846
579,2010,Robert Morris,846
579,2011,Robert Morris,846
579,2012,Robert Morris,846
579,2013,Robert Morris,846
587,2005,Rutgers,823
587,2006,Rutgers,823
587,2007,Rutgers,823
587,2008,Rutgers,823
587,2009,Rutgers,823
587,2010,Rutgers,823
587,2011,Rutgers,823
587,2012,Rutgers,823
587,2013,Rutgers,823
590,2005,Sacred Heart,846
590,2006,Sacred Heart,846
590,2007,Sacred Heart,846
590,2008,Sacred Heart,846
590,2009,Sacred Heart,846
590,2010,Sacred Heart,846
590,2011,Sacred Heart,846
590,2012,Sacred Heart,846
590,2013,Sacred Heart,846
600,2005,St. Francis (Pa.),846
600,2006,St. Francis (Pa.),846
600,2007,St. Francis (Pa.),846
600,2008,St. Francis (Pa.),846
600,2009,St. Francis (Pa.),846
600,2010,St. Francis (Pa.),846
600,2011,St. Francis (Pa.),846
600,2012,St. Francis (Pa.),846
600,2013,St. Francis (Pa.),846
617,2005,St. Peter's,871
617,2006,St. Peter's,871
624,2005,Sam Houston State,914
624,2006,Sam Houston State,914
624,2007,Sam Houston State,914
624,2008,Sam Houston State,914
624,2009,Sam Houston State,914
624,2010,Sam Houston State,914
624,2011,Sam Houston State,914
624,2012,Sam Houston State,914
624,2013,Sam Houston State,914
625,2005,Samford,902
625,2006,Samford,902
625,2007,Samford,902
625,2008,Samford,902
625,2009,Samford,912
625,2010,Samford,912
625,2011,Samford,912
625,2012,Samford,912
625,2013,Samford,912
626,2005,San Diego State,5486
626,2006,San Diego State,5486
626,2007,San Diego State,5486
626,2008,San Diego State,5486
626,2009,San Diego State,5486
626,2010,San Diego State,5486
626,2011,San Diego State,5486
626,2012,San Diego State,5486
626,2013,San Diego State,5486
627,2005,San Diego,21451
627,2006,San Diego,21451
627,2007,San Diego,21451
627,2008,San Diego,21451
627,2009,San Diego,21451
627,2010,San Diego,21451
627,2011,San Diego,21451
627,2012,San Diego,21451
627,2013,San Diego,21451
630,2005,San Jose State,923
630,2006,San Jose State,923
630,2007,San Jose State,923
630,2008,San Jose State,923
630,2009,San Jose State,923
630,2010,San Jose State,923
630,2011,San Jose State,923
630,2012,San Jose State,923
630,2013,San Jose State,5486
632,2005,Savannah State,99005
632,2006,Savannah State,99005
632,2007,Savannah State,99005
632,2008,Savannah State,99005
632,2009,Savannah State,99005
632,2010,Savannah State,99005
632,2011,Savannah State,876
632,2012,Savannah State,876
632,2013,Savannah State,876
646,2010,South Alabama,99005
646,2011,South Alabama,99005
646,2012,South Alabama,818
646,2013,South Alabama,818
647,2005,South Carolina State,876
647,2006,South Carolina State,876
647,2007,South Carolina State,876
647,2008,South Carolina State,876
647,2009,South Carolina State,876
647,2010,South Carolina State,876
647,2011,South Carolina State,876
647,2012,South Carolina State,876
647,2013,South Carolina State,876
648,2005,South Carolina,911
648,2006,South Carolina,911
648,2007,South Carolina,911
648,2008,South Carolina,911
648,2009,South Carolina,911
648,2010,South Carolina,911
648,2011,South Carolina,911
648,2012,South Carolina,911
648,2013,South Carolina,911
649,2005,South Dakota State,99005
649,2006,South Dakota State,99005
649,2007,South Dakota State,99005
649,2008,South Dakota State,99005
649,2009,South Dakota State,853
649,2010,South Dakota State,853
649,2011,South Dakota State,853
649,2012,South Dakota State,853
649,2013,South Dakota State,853
650,2009,South Dakota,99005
650,2010,South Dakota,99005
650,2011,South Dakota,99005
650,2012,South Dakota,99005
650,2013,South Dakota,853
651,2005,South Florida,823
651,2006,South Florida,823
651,2007,South Florida,823
651,2008,South Florida,823
651,2009,South Florida,823
651,2010,South Florida,823
651,2011,South Florida,823
651,2012,South Florida,823
651,2013,South Florida,823
654,2005,Southeast Missouri State,902
654,2006,Southeast Missouri State,902
654,2007,Southeast Missouri State,902
654,2008,Southeast Missouri State,902
654,2009,Southeast Missouri State,902
654,2010,Southeast Missouri State,902
654,2011,Southeast Missouri State,902
654,2012,Southeast Missouri State,902
654,2013,Southeast Missouri State,902
655,2005,Southeastern Louisiana,914
655,2006,Southeastern Louisiana,914
655,2007,Southeastern Louisiana,914
655,2008,Southeastern Louisiana,914
655,2009,Southeastern Louisiana,914
655,2010,Southeastern Louisiana,914
655,2011,Southeastern Louisiana,914
655,2012,Southeastern Louisiana,914
655,2013,Southeastern Louisiana,914
657,2005,USC,905
657,2006,USC,905
657,2007,USC,905
657,2008,USC,905
657,2009,USC,905
657,2010,USC,905
657,2011,USC,905
657,2012,USC,905
657,2013,USC,905
659,2005,Southern Illinois,853
659,2006,Southern Illinois,853
659,2007,Southern Illinois,853
659,2008,Southern Illinois,853
659,2009,Southern Illinois,853
659,2010,Southern Illinois,853
659,2011,Southern Illinois,853
659,2012,Southern Illinois,853
659,2013,Southern Illinois,853
663,2005,SMU,24312
663,2006,SMU,24312
663,2007,SMU,24312
663,2008,SMU,24312
663,2009,SMU,24312
663,2010,SMU,24312
663,2011,SMU,24312
663,2012,SMU,24312
663,2013,SMU,823
664,2005,Southern Mississippi,24312
664,2006,Southern Mississippi,24312
664,2007,Southern Mississippi,24312
664,2008,Southern Mississippi,24312
664,2009,Southern Mississippi,24312
664,2010,Southern Mississippi,24312
664,2011,Southern Mississippi,24312
664,2012,Southern Mississippi,24312
664,2013,Southern Mississippi,24312
665,2005,Southern University,916
665,2006,Southern University,916
665,2007,Southern University,916
665,2008,Southern University,916
665,2009,Southern University,916
665,2010,Southern University,916
665,2011,Southern University,916
665,2012,Southern University,916
665,2013,Southern University,916
667,2005,Southern Utah,99005
667,2006,Southern Utah,99005
667,2007,Southern Utah,99005
667,2008,Southern Utah,99005
667,2009,Southern Utah,99005
667,2010,Southern Utah,99005
667,2011,Southern Utah,99005
667,2012,Southern Utah,99005
667,2013,Southern Utah,825
669,2005,Missouri State,853
669,2006,Missouri State,853
669,2007,Missouri State,853
669,2008,Missouri State,853
669,2009,Missouri State,853
669,2010,Missouri State,853
669,2011,Missouri State,853
669,2012,Missouri State,853
669,2013,Missouri State,853
670,2005,Texas State,914
670,2006,Texas State,914
670,2007,Texas State,914
670,2008,Texas State,914
670,2009,Texas State,914
670,2010,Texas State,914
670,2011,Texas State,99005
670,2012,Texas State,923
670,2013,Texas State,818
671,2005,Louisiana-Lafayette,818
671,2006,Louisiana-Lafayette,818
671,2007,Louisiana-Lafayette,818
671,2008,Louisiana-Lafayette,818
671,2009,Louisiana-Lafayette,818
671,2010,Louisiana-Lafayette,818
671,2011,Louisiana-Lafayette,818
671,2012,Louisiana-Lafayette,818
671,2013,Louisiana-Lafayette,818
674,2005,Stanford,905
674,2006,Stanford,905
674,2007,Stanford,905
674,2008,Stanford,905
674,2009,Stanford,905
674,2010,Stanford,905
674,2011,Stanford,905
674,2012,Stanford,905
674,2013,Stanford,905
676,2005,Stephen F. Austin,914
676,2006,Stephen F. Austin,914
676,2007,Stephen F. Austin,914
676,2008,Stephen F. Austin,914
676,2009,Stephen F. Austin,914
676,2010,Stephen F. Austin,914
676,2011,Stephen F. Austin,914
676,2012,Stephen F. Austin,914
676,2013,Stephen F. Austin,914
683,2005,Stony Brook,846
683,2006,Stony Brook,846
683,2007,Stony Brook,99005
683,2008,Stony Brook,99005
683,2009,Stony Brook,826
683,2010,Stony Brook,826
683,2011,Stony Brook,826
683,2012,Stony Brook,826
683,2013,Stony Brook,826
688,2005,Syracuse,823
688,2006,Syracuse,823
688,2007,Syracuse,823
688,2008,Syracuse,823
688,2009,Syracuse,823
688,2010,Syracuse,823
688,2011,Syracuse,823
688,2012,Syracuse,823
688,2013,Syracuse,821
690,2005,Temple,99001
690,2006,Temple,99001
690,2007,Temple,875
690,2008,Temple,875
690,2009,Temple,875
690,2010,Temple,875
690,2011,Temple,875
690,2012,Temple,823
690,2013,Temple,823
691,2005,Tennessee State,902
691,2006,Tennessee State,902
691,2007,Tennessee State,902
691,2008,Tennessee State,902
691,2009,Tennessee State,902
691,2010,Tennessee State,902
691,2011,Tennessee State,902
691,2012,Tennessee State,902
691,2013,Tennessee State,902
692,2005,Tennessee Tech,902
692,2006,Tennessee Tech,902
692,2007,Tennessee Tech,902
692,2008,Tennessee Tech,902
692,2009,Tennessee Tech,902
692,2010,Tennessee Tech,902
692,2011,Tennessee Tech,902
692,2012,Tennessee Tech,902
692,2013,Tennessee Tech,902
693,2005,Chattanooga,912
693,2006,Chattanooga,912
693,2007,Chattanooga,912
693,2008,Chattanooga,912
693,2009,Chattanooga,912
693,2010,Chattanooga,912
693,2011,Chattanooga,912
693,2012,Chattanooga,912
693,2013,Chattanooga,912
694,2005,Tennessee,911
694,2006,Tennessee,911
694,2007,Tennessee,911
694,2008,Tennessee,911
694,2009,Tennessee,911
694,2010,Tennessee,911
694,2011,Tennessee,911
694,2012,Tennessee,911
694,2013,Tennessee,911
695,2005,Tennessee-Martin,902
695,2006,Tennessee-Martin,902
695,2007,Tennessee-Martin,902
695,2008,Tennessee-Martin,902
695,2009,Tennessee-Martin,902
695,2010,Tennessee-Martin,902
695,2011,Tennessee-Martin,902
695,2012,Tennessee-Martin,902
695,2013,Tennessee-Martin,902
697,2005,Texas A&M,25354
697,2006,Texas A&M,25354
697,2007,Texas A&M,25354
697,2008,Texas A&M,25354
697,2009,Texas A&M,25354
697,2010,Texas A&M,25354
697,2011,Texas A&M,25354
697,2012,Texas A&M,911
697,2013,Texas A&M,911
698,2005,TCU,5486
698,2006,TCU,5486
698,2007,TCU,5486
698,2008,TCU,5486
698,2009,TCU,5486
698,2010,TCU,5486
698,2011,TCU,5486
698,2012,TCU,25354
698,2013,TCU,25354
699,2005,Texas Southern,916
699,2006,Texas Southern,916
699,2007,Texas Southern,916
699,2008,Texas Southern,916
699,2009,Texas Southern,916
699,2010,Texas Southern,916
699,2011,Texas Southern,916
699,2012,Texas Southern,916
699,2013,Texas Southern,916
700,2005,Texas Tech,25354
700,2006,Texas Tech,25354
700,2007,Texas Tech,25354
700,2008,Texas Tech,25354
700,2009,Texas Tech,25354
700,2010,Texas Tech,25354
700,2011,Texas Tech,25354
700,2012,Texas Tech,25354
700,2013,Texas Tech,25354
703,2005,Texas,25354
703,2006,Texas,25354
703,2007,Texas,25354
703,2008,Texas,25354
703,2009,Texas,25354
703,2010,Texas,25354
703,2011,Texas,25354
703,2012,Texas,25354
703,2013,Texas,25354
704,2005,UTEP,24312
704,2006,UTEP,24312
704,2007,UTEP,24312
704,2008,UTEP,24312
704,2009,UTEP,24312
704,2010,UTEP,24312
704,2011,UTEP,24312
704,2012,UTEP,24312
704,2013,UTEP,24312
706,2011,UTSA,99005
706,2012,UTSA,923
706,2013,UTSA,24312
709,2005,Toledo,875
709,2006,Toledo,875
709,2007,Toledo,875
709,2008,Toledo,875
709,2009,Toledo,875
709,2010,Toledo,875
709,2011,Toledo,875
709,2012,Toledo,875
709,2013,Toledo,875
711,2005,Towson,820
711,2006,Towson,820
711,2007,Towson,837
711,2008,Towson,837
711,2009,Towson,837
711,2010,Towson,837
711,2011,Towson,837
711,2012,Towson,837
711,2013,Towson,837
716,2005,Troy,818
716,2006,Troy,818
716,2007,Troy,818
716,2008,Troy,818
716,2009,Troy,818
716,2010,Troy,818
716,2011,Troy,818
716,2012,Troy,818
716,2013,Troy,818
718,2005,Tulane,24312
718,2006,Tulane,24312
718,2007,Tulane,24312
718,2008,Tulane,24312
718,2009,Tulane,24312
718,2010,Tulane,24312
718,2011,Tulane,24312
718,2012,Tulane,24312
718,2013,Tulane,24312
719,2005,Tulsa,24312
719,2006,Tulsa,24312
719,2007,Tulsa,24312
719,2008,Tulsa,24312
719,2009,Tulsa,24312
719,2010,Tulsa,24312
719,2011,Tulsa,24312
719,2012,Tulsa,24312
719,2013,Tulsa,24312
721,2005,Air Force,5486
721,2006,Air Force,5486
721,2007,Air Force,5486
721,2008,Air Force,5486
721,2009,Air Force,5486
721,2010,Air Force,5486
721,2011,Air Force,5486
721,2012,Air Force,5486
721,2013,Air Force,5486
725,2005,Army,99001
725,2006,Army,99001
725,2007,Army,99001
725,2008,Army,99001
725,2009,Army,99001
725,2010,Army,99001
725,2011,Army,99001
725,2012,Army,99001
725,2013,Army,99001
726,2005,Navy,99001
726,2006,Navy,99001
726,2007,Navy,99001
726,2008,Navy,99001
726,2009,Navy,99001
726,2010,Navy,99001
726,2011,Navy,99001
726,2012,Navy,99001
726,2013,Navy,99001
731,2005,Utah State,923
731,2006,Utah State,923
731,2007,Utah State,923
731,2008,Utah State,923
731,2009,Utah State,923
731,2010,Utah State,923
731,2011,Utah State,923
731,2012,Utah State,923
731,2013,Utah State,5486
732,2005,Utah,5486
732,2006,Utah,5486
732,2007,Utah,5486
732,2008,Utah,5486
732,2009,Utah,5486
732,2010,Utah,5486
732,2011,Utah,905
732,2012,Utah,905
732,2013,Utah,905
735,2005,Valparaiso,21451
735,2006,Valparaiso,21451
735,2007,Valparaiso,21451
735,2008,Valparaiso,21451
735,2009,Valparaiso,21451
735,2010,Valparaiso,21451
735,2011,Valparaiso,21451
735,2012,Valparaiso,21451
735,2013,Valparaiso,21451
736,2005,Vanderbilt,911
736,2006,Vanderbilt,911
736,2007,Vanderbilt,911
736,2008,Vanderbilt,911
736,2009,Vanderbilt,911
736,2010,Vanderbilt,911
736,2011,Vanderbilt,911
736,2012,Vanderbilt,911
736,2013,Vanderbilt,911
739,2005,Villanova,820
739,2006,Villanova,820
739,2007,Villanova,837
739,2008,Villanova,837
739,2009,Villanova,837
739,2010,Villanova,837
739,2011,Villanova,837
739,2012,Villanova,837
739,2013,Villanova,837
741,2005,Virginia Military,826
741,2006,Virginia Military,826
741,2007,Virginia Military,826
741,2008,Virginia Military,826
741,2009,Virginia Military,826
741,2010,Virginia Military,826
741,2011,Virginia Military,826
741,2012,Virginia Military,826
741,2013,Virginia Military,826
742,2005,Virginia Tech,821
742,2006,Virginia Tech,821
742,2007,Virginia Tech,821
742,2008,Virginia Tech,821
742,2009,Virginia Tech,821
742,2010,Virginia Tech,821
742,2011,Virginia Tech,821
742,2012,Virginia Tech,821
742,2013,Virginia Tech,821
746,2005,Virginia,821
746,2006,Virginia,821
746,2007,Virginia,821
746,2008,Virginia,821
746,2009,Virginia,821
746,2010,Virginia,821
746,2011,Virginia,821
746,2012,Virginia,821
746,2013,Virginia,821
748,2005,Wagner,846
748,2006,Wagner,846
748,2007,Wagner,846
748,2008,Wagner,846
748,2009,Wagner,846
748,2010,Wagner,846
748,2011,Wagner,846
748,2012,Wagner,846
748,2013,Wagner,846
749,2005,Wake Forest,821
749,2006,Wake Forest,821
749,2007,Wake Forest,821
749,2008,Wake Forest,821
749,2009,Wake Forest,821
749,2010,Wake Forest,821
749,2011,Wake Forest,821
749,2012,Wake Forest,821
749,2013,Wake Forest,821
754,2005,Washington State,905
754,2006,Washington State,905
754,2007,Washington State,905
754,2008,Washington State,905
754,2009,Washington State,905
754,2010,Washington State,905
754,2011,Washington State,905
754,2012,Washington State,905
754,2013,Washington State,905
756,2005,Washington,905
756,2006,Washington,905
756,2007,Washington,905
756,2008,Washington,905
756,2009,Washington,905
756,2010,Washington,905
756,2011,Washington,905
756,2012,Washington,905
756,2013,Washington,905
758,2005,Weber State,825
758,2006,Weber State,825
758,2007,Weber State,825
758,2008,Weber State,825
758,2009,Weber State,825
758,2010,Weber State,825
758,2011,Weber State,825
758,2012,Weber State,825
758,2013,Weber State,825
768,2005,West Virginia,823
768,2006,West Virginia,823
768,2007,West Virginia,823
768,2008,West Virginia,823
768,2009,West Virginia,823
768,2010,West Virginia,823
768,2011,West Virginia,823
768,2012,West Virginia,25354
768,2013,West Virginia,25354
769,2005,Western Carolina,912
769,2006,Western Carolina,912
769,2007,Western Carolina,912
769,2008,Western Carolina,912
769,2009,Western Carolina,912
769,2010,Western Carolina,912
769,2011,Western Carolina,912
769,2012,Western Carolina,912
769,2013,Western Carolina,912
771,2005,Western Illinois,853
771,2006,Western Illinois,853
771,2007,Western Illinois,853
771,2008,Western Illinois,853
771,2009,Western Illinois,853
771,2010,Western Illinois,853
771,2011,Western Illinois,853
771,2012,Western Illinois,853
771,2013,Western Illinois,853
772,2005,Western Kentucky,853
772,2006,Western Kentucky,853
772,2007,Western Kentucky,853
772,2008,Western Kentucky,99001
772,2009,Western Kentucky,818
772,2010,Western Kentucky,818
772,2011,Western Kentucky,818
772,2012,Western Kentucky,818
772,2013,Western Kentucky,818
774,2005,Western Michigan,875
774,2006,Western Michigan,875
774,2007,Western Michigan,875
774,2008,Western Michigan,875
774,2009,Western Michigan,875
774,2010,Western Michigan,875
774,2011,Western Michigan,875
774,2012,Western Michigan,875
774,2013,Western Michigan,875
786,2005,William & Mary,820
786,2006,William & Mary,820
786,2007,William & Mary,837
786,2008,William & Mary,837
786,2009,William & Mary,837
786,2010,William & Mary,837
786,2011,William & Mary,837
786,2012,William & Mary,837
786,2013,William & Mary,837
791,2006,Winston-Salem,99005
791,2007,Winston-Salem,99005
791,2008,Winston-Salem,99005
791,2009,Winston-Salem,99005
796,2005,Wisconsin,827
796,2006,Wisconsin,827
796,2007,Wisconsin,827
796,2008,Wisconsin,827
796,2009,Wisconsin,827
796,2010,Wisconsin,827
796,2011,Wisconsin,827
796,2012,Wisconsin,827
796,2013,Wisconsin,827
811,2005,Wyoming,5486
811,2006,Wyoming,5486
811,2007,Wyoming,5486
811,2008,Wyoming,5486
811,2009,Wyoming,5486
811,2010,Wyoming,5486
811,2011,Wyoming,5486
811,2012,Wyoming,5486
811,2013,Wyoming,5486
813,2005,Yale,865
813,2006,Yale,865
813,2007,Yale,865
813,2008,Yale,865
813,2009,Yale,865
813,2010,Yale,865
813,2011,Yale,865
813,2012,Yale,865
813,2013,Yale,865
817,2005,Youngstown State,853
817,2006,Youngstown State,853
817,2007,Youngstown State,853
817,2008,Youngstown State,853
817,2009,Youngstown State,853
817,2010,Youngstown State,853
817,2011,Youngstown State,853
817,2012,Youngstown State,853
817,2013,Youngstown State,853
1004,2006,Central Arkansas,99005
1004,2007,Central Arkansas,99005
1004,2008,Central Arkansas,99005
1004,2009,Central Arkansas,99005
1004,2010,Central Arkansas,914
1004,2011,Central Arkansas,914
1004,2012,Central Arkansas,914
1004,2013,Central Arkansas,914
1068,2005,Elon,912
1068,2006,Elon,912
1068,2007,Elon,912
1068,2008,Elon,912
1068,2009,Elon,912
1068,2010,Elon,912
1068,2011,Elon,912
1068,2012,Elon,912
1068,2013,Elon,912
1092,2005,Gardner-Webb,826
1092,2006,Gardner-Webb,826
1092,2007,Gardner-Webb,826
1092,2008,Gardner-Webb,826
1092,2009,Gardner-Webb,826
1092,2010,Gardner-Webb,826
1092,2011,Gardner-Webb,826
1092,2012,Gardner-Webb,826
1092,2013,Gardner-Webb,826
1320,2007,Presbyterian,99005
1320,2008,Presbyterian,99005
1320,2009,Presbyterian,99005
1320,2010,Presbyterian,826
1320,2011,Presbyterian,826
1320,2012,Presbyterian,826
1320,2013,Presbyterian,826
2678,2005,Ark.-Pine Bluff,916
2678,2006,Ark.-Pine Bluff,916
2678,2007,Ark.-Pine Bluff,916
2678,2008,Ark.-Pine Bluff,916
2678,2009,Ark.-Pine Bluff,916
2678,2010,Ark.-Pine Bluff,916
2678,2011,Ark.-Pine Bluff,916
2678,2012,Ark.-Pine Bluff,916
2678,2013,Ark.-Pine Bluff,916
2915,2005,Wofford,912
2915,2006,Wofford,912
2915,2007,Wofford,912
2915,2008,Wofford,912
2915,2009,Wofford,912
2915,2010,Wofford,912
2915,2011,Wofford,912
2915,2012,Wofford,912
2915,2013,Wofford,912
